displayName,workspaceId,activationCode,expiryTime
FLX-OF-610,Y2lzY29zcGFyazovL3VybjpURUFNOnVzLWVhc3QtMl9hL1BMQUNFL2Q0YWUwZTliLTVmNjQtNGVlMS05NWE3LWNhMzhkMWQwOGYwZg==,"1723101082359737",2024-12-25T19:21:17.247Z
FLX-OF-619,Y2lzY29zcGFyazovL3VybjpURUFNOnVzLWVhc3QtMl9hL1BMQUNFLzk5NTc5M2VkLTdjNjUtNDJlOS05YzdhLWRiOTNiYWIyNWYxYg==,"6464154282711376",2024-12-25T19:21:18.938Z
FLX-OF-636,Y2lzY29zcGFyazovL3VybjpURUFNOnVzLWVhc3QtMl9hL1BMQUNFLzhmZDUzYTVmLWQ5YTUtNDc3OC1iNjliLTQ4OGY2NDJkODA2Yg==,"3965180038278652",2024-12-25T19:21:21.176Z
FLX-OF-637,Y2lzY29zcGFyazovL3VybjpURUFNOnVzLWVhc3QtMl9hL1BMQUNFLzc4MmYzYWI1LWZjZTYtNDRjMy05OTk1LTAxZjc0OTQwZDA5Mw==,"7673364911804698",2024-12-25T19:21:22.933Z
FLX-CU-652,Y2lzY29zcGFyazovL3VybjpURUFNOnVzLWVhc3QtMl9hL1BMQUNFLzM1MDdkNmNkLTNmN2UtNDAzMy04NTcwLTIyMTY5YTdjZjJmNA==,"6100112368641311",2024-12-25T19:21:24.539Z
FLX-CU-653,Y2lzY29zcGFyazovL3VybjpURUFNOnVzLWVhc3QtMl9hL1BMQUNFLzUwZGNhNWQzLWY5YmItNDg1Ny04NzQzLTQwNTIwNjEzM2Y1Yw==,"9723536458242964",2024-12-25T19:21:26.343Z
FLX-CU-654,Y2lzY29zcGFyazovL3VybjpURUFNOnVzLWVhc3QtMl9hL1BMQUNFL2E3ODFjZDhmLTUzOTAtNGEzNC1hYTRlLTE5YzcyYjk0MTg3NA==,"7453793547326767",2024-12-25T19:21:28.052Z
FLX-CU-655,Y2lzY29zcGFyazovL3VybjpURUFNOnVzLWVhc3QtMl9hL1BMQUNFLzFmNTRmZjA3LTczNWQtNGViYS05NzcxLTIwOWNhNWNkOGNiMg==,"5314318969051474",2024-12-25T19:21:30.016Z
FLX-CU-658,Y2lzY29zcGFyazovL3VybjpURUFNOnVzLWVhc3QtMl9hL1BMQUNFL2Y0Yzk4NjExLWNkNTItNGI2NS04OTUwLTBlMmQ4NDBiMjMwOQ==,"6633871961855504",2024-12-25T19:21:31.373Z
FLX-CU-662,Y2lzY29zcGFyazovL3VybjpURUFNOnVzLWVhc3QtMl9hL1BMQUNFL2U3NjE2MTM3LTZiZTgtNDY2My04NWY4LTYwZGY3ZGY3Zjk3Zg==,"7777439361072947",2024-12-25T19:21:32.826Z
FLX-CU-669,Y2lzY29zcGFyazovL3VybjpURUFNOnVzLWVhc3QtMl9hL1BMQUNFL2RjOWE0YmZhLWMyMmUtNDc3NS04OTA0LTc4MDg1ZGZmYWEzYQ==,"5154131406727059",2024-12-25T19:21:34.189Z
FLX-CU-670,Y2lzY29zcGFyazovL3VybjpURUFNOnVzLWVhc3QtMl9hL1BMQUNFLzllM2FmNjk2LTQ5MjktNGUxNC1hNDk5LWEzNWM0MmE2OGE0Nw==,"8779982751670756",2024-12-25T19:21:35.778Z
FLX-CU-672,Y2lzY29zcGFyazovL3VybjpURUFNOnVzLWVhc3QtMl9hL1BMQUNFL2E0ZDRlZDQ3LWU3ZmItNGM5ZS1iZGYwLTllZGM1MmRlYWVmNQ==,"6637937359626494",2024-12-25T19:21:37.221Z
FLX-CU-673,Y2lzY29zcGFyazovL3VybjpURUFNOnVzLWVhc3QtMl9hL1BMQUNFLzUxZDI5OGQ4LTQyZmMtNDk2Mi05YzU5LWM1Y2M5MjExZThlMg==,"5394544860463716",2024-12-25T19:21:39.200Z
FLX-CU-674,Y2lzY29zcGFyazovL3VybjpURUFNOnVzLWVhc3QtMl9hL1BMQUNFLzY3ZjlmMzc5LTU4MWUtNGU3YS04ZjNiLWU2MWNhMGVjZTUwNw==,"2795863408134479",2024-12-25T19:21:40.767Z
FLX-CU-675,Y2lzY29zcGFyazovL3VybjpURUFNOnVzLWVhc3QtMl9hL1BMQUNFLzNiMzU4ZjAxLTMzOTktNDVkNy1iYTQ0LTQyN2E0ZTBkYzA2MQ==,"9020534162846778",2024-12-25T19:21:42.628Z
FLX-CU-676,Y2lzY29zcGFyazovL3VybjpURUFNOnVzLWVhc3QtMl9hL1BMQUNFLzUzMmUyYjNhLTlhZjQtNDEyNi1hZWExLWQ2NDVkZTA0OTIxNg==,"3382429803475685",2024-12-25T19:21:44.063Z
FLX-CU-678,Y2lzY29zcGFyazovL3VybjpURUFNOnVzLWVhc3QtMl9hL1BMQUNFLzU3NDNiOWNlLTIzMzktNDNlMS1hYTRiLWQ3ZmNkYWViZGRhZQ==,"5499931938716056",2024-12-25T19:21:45.633Z
FLX-CU-679,Y2lzY29zcGFyazovL3VybjpURUFNOnVzLWVhc3QtMl9hL1BMQUNFL2JlZGMyZDE5LThmNmEtNGJmZC04NjQyLWJlODE1YjdhNjgzNA==,"7748222317229939",2024-12-25T19:21:47.311Z
FLX-CU-680,Y2lzY29zcGFyazovL3VybjpURUFNOnVzLWVhc3QtMl9hL1BMQUNFLzhhYmU4NDY1LTlkNDQtNGI3NC1iMGE2LTgzZmIxZGY3MjNlYw==,"3668835933609762",2024-12-25T19:21:48.869Z
